CUSTOMER_ID,CUSTOMER_ID_2,x,y,mean_amount,std_amount,mean_nb_tx_per_day,available_terminals,nb_terminals
0,0,54.88135039273247,71.51893663724195,62.262520726806166,31.131260363403083,2.1795327319875875,"[1,2,3,4]",4
1,1,42.36547993389047,64.58941130666561,46.57078506995579,23.285392534977895,3.567092003128319,"[1,2,3,4,5]",5
2,2,96.36627605010293,38.34415188257777,80.21387861785314,40.10693930892657,2.115579679011618,"[1,2]",2
3,3,56.80445610939323,92.5596638292661,11.74842552879926,5.87421276439963,0.34851719880616283,"[1,2,3,4]",4
4,4,2.021839744032572,83.2619845547938,78.9248913402358,39.4624456701179,3.4800485929872766,"[4,5,2]",3
5,5,97.8618342232764,79.91585642167236,48.84053941402853,24.420269707014263,3.122116705145822,"[3,4,5]",3

