TERMINAL_ID,TERMINAL_ID_2,x,y
0,0,41.7022004702574,72.0324493442158
1,1,0.011437481734488664,30.233257263183976
2,2,14.675589081711305,9.233859476879779
3,3,18.62602113776709,34.556072704304775
4,4,39.67674742306699,53.88167340033569
5,5,41.91945144032948,68.52195003967594
